variable,elastic,forward
Intercept,1.087978409,1.363403452
cantonSan Cristobal,0.036166732,NA
CTransitoriosSANDIA,-0.106799003,-0.556916244
PastosKING GRASS,-0.236533356,-0.613972024
pc4None,0.072931887,0.202025325
CPermanentesPAPAYA,NA,-0.360180733
a7c,NA,-0.003495193
AGUAAGUA DE POZO PUBLICA,NA,-1.243803727
TELEFONOFNO TIENE,NA,-0.236890624