"variable","elastic","forward"
"(Intercept)",-1.33734494860232,-1.05498427402255
"cantonSan Cristobal",NA,0.193464076894808
"cantonSanta Cruz",NA,-1.77104978821324
"cantonFloreana",NA,-16.5992772528467
"v30 a",NA,0.00755926912993419
"`CTransitorios MAIZ SUAVE CHOCLO`",NA,0.902806405854257
"CPermanentes NARANJA",NA,-0.691183567998633
