variable,elastic,forward
Intercept,0.70287447,0.577489441
s4,0.001196475,0.002882013
v3,0.000620238,NA
v44,1.86E-05,NA
GastosAgricolas,3.49E-06,3.96E-05
biokSi,0.035501494,0.363408821
CTransitoriosCILANTRO,NA,0.280851157
ArbolesLIMON MANDARINA,NA,0.249730659
a24f,NA,5.33E-05
ga15cualLIMPIEZA DE TERRENO,NA,0.531511623
FARMINGTRUE,NA,-0.127171882